,0,1,2
suite.sogiscuola.com,Web Browsers Computers & Electronics Software Web Browsers,,
loadedfiles.com,Networking Computers & Electronics Networking ,Online Video Arts & Entertainment Online Video ,Outdoors Hobbies & Leisure Outdoors 
skemaraja.dephub.go.id,People & Society People & Society  ,Face & Body Care Beauty & Fitness Face & Body Care ,Advertising & Marketing Business & Industrial Advertising & Marketing 
easy-firmware.com,Credit Cards Finance Credit Cards ,Consumer Electronics Computers & Electronics Consumer Electronics ,Software Computers & Electronics Software 
thesimplehelp.com,Wrestling Sports Wrestling ,Pets & Animals Pets & Animals  ,Gardening Home & Garden Gardening 
gamesfull.app,Books & Literature Books & Literature  ,Ecology & Environment Science Ecology & Environment ,Printing & Publishing Business & Industrial Printing & Publishing 
www.samagra.gov.in,Healthy Eating Food & Drink Cooking & Recipes Healthy Eating,Outdoors Hobbies & Leisure Outdoors ,Text & Instant Messaging Internet & Telecom Text & Instant Messaging 
cl.jooble.org,Social Networks Online Communities Social Networks ,Text & Instant Messaging Internet & Telecom Text & Instant Messaging ,Education Jobs & Education Education 
m.4d88.asia,Travel & Transportation Travel & Transportation  ,Vehicle Shows Autos & Vehicles Vehicle Shows ,Classic Vehicles Autos & Vehicles Classic Vehicles 
silfmonitoraggio.regione.campania.it,Consumer Electronics Computers & Electronics Consumer Electronics ,Software Computers & Electronics Software ,Software Computers & Electronics Software 
eroticmv.com,Comics Arts & Entertainment Comics ,Outdoors Hobbies & Leisure Outdoors ,Travel & Transportation Travel & Transportation  
expressjs.com,Web Browsers Computers & Electronics Software Web Browsers,People & Society People & Society  ,Text & Instant Messaging Internet & Telecom Text & Instant Messaging 
emploi.educarriere.ci,Consumer Electronics Computers & Electronics Consumer Electronics ,Women's Clothing Shopping Women's Clothing ,Family & Relationships People & Society Family & Relationships 
alottovip.co,Web Browsers Computers & Electronics Software Web Browsers,People & Society People & Society  ,
hudo.com,Hair Care Beauty & Fitness Hair Care ,Web Browsers Computers & Electronics Software Web Browsers,Face & Body Care Beauty & Fitness Face & Body Care 
direct.uber.com,Email Internet & Telecom Email ,Consumer Electronics Computers & Electronics Consumer Electronics ,Ecology & Environment Science Ecology & Environment 
jedileri.ba,Consumer Electronics Computers & Electronics Consumer Electronics ,Women's Clothing Shopping Women's Clothing ,Wrestling Sports Wrestling 
www.superdry.in,Track & Field Sports Track & Field ,Shopping Shopping  ,Text & Instant Messaging Internet & Telecom Text & Instant Messaging 
trade.atlantiscex.com,Consumer Electronics Computers & Electronics Consumer Electronics ,Smart Phones Internet & Telecom Smart Phones ,Software Computers & Electronics Software 
lms.igdir.edu.tr,Business & Industrial Business & Industrial  ,,
videoportal.joj.sk,Online Video Arts & Entertainment Online Video ,,
grupovenus.com,Shopping Shopping  ,Web Browsers Computers & Electronics Software Web Browsers,People & Society People & Society  
juegos.loteria.cl,Painting Arts & Entertainment Visual Art & Design Painting,Graphics & Animation Software Computers & Electronics Software Graphics & Animation Software,Ecology & Environment Science Ecology & Environment 
www.dvauction.com,Consumer Electronics Computers & Electronics Consumer Electronics ,Women's Clothing Shopping Women's Clothing ,Software Computers & Electronics Software 
demonssouls.wiki.fextralife.com,Painting Arts & Entertainment Visual Art & Design Painting,Stocks & Bonds Finance Investing Stocks & Bonds,Pets & Animals Pets & Animals  
career.indomaretgroup.com,Healthy Eating Food & Drink Cooking & Recipes Healthy Eating,Face & Body Care Beauty & Fitness Face & Body Care ,Advertising & Marketing Business & Industrial Advertising & Marketing 
www.webcamjackers.com,Wrestling Sports Wrestling ,Baseball Sports Baseball ,Sports Sports  
webcampus.fdu.edu,Books & Literature Books & Literature  ,Painting Arts & Entertainment Visual Art & Design Painting,Home & Garden Home & Garden  
www.tamilvu.org,Consumer Electronics Computers & Electronics Consumer Electronics ,Painting Arts & Entertainment Visual Art & Design Painting,Software Computers & Electronics Software 
dashboard.dittomusic.com,Email Internet & Telecom Email ,Consumer Electronics Computers & Electronics Consumer Electronics ,Search Engines Internet & Telecom Search Engines 
apps-lb.rapidrad.com,Weddings Hobbies & Leisure Weddings ,Stocks & Bonds Finance Investing Stocks & Bonds,Retail Trade Business & Industrial Retail Trade 
sadlierconnect.com,Family & Relationships People & Society Family & Relationships ,Educational Resources Reference Educational Resources ,Preschool Jobs & Education Education Early Childhood Education
www.bhajandiary.com,Outdoors Hobbies & Leisure Outdoors ,Games Games  ,Musical Instruments Arts & Entertainment Music & Audio Musical Instruments
nova24.uz,Volleyball Sports Volleyball ,Sports Sports  ,Volleyball Sports Volleyball 
www.saamana.com,American Football Sports American Football ,Cricket Sports Cricket ,Baseball Sports Baseball 
imsis-djpu.dephub.go.id,Travel & Transportation Travel & Transportation  ,Vehicle Shows Autos & Vehicles Vehicle Shows ,Women's Clothing Shopping Women's Clothing 
hentai18.net,Comics Arts & Entertainment Comics ,Women's Clothing Shopping Women's Clothing ,Books & Literature Books & Literature  
dembuon.vn,Women's Clothing Shopping Women's Clothing ,Painting Arts & Entertainment Visual Art & Design Painting,Pets & Animals Pets & Animals  
onba.zkb.ch,Painting Arts & Entertainment Visual Art & Design Painting,Stocks & Bonds Finance Investing Stocks & Bonds,Retail Trade Business & Industrial Retail Trade 
codsaya.com,Games Games  ,Games Games  ,Musical Instruments Arts & Entertainment Music & Audio Musical Instruments
sakti123.co,Games Games  ,Games Games  ,Online Communities Online Communities  
put888a.com,Comics Arts & Entertainment Comics ,Games Games  ,Games Games  
chikubi.jp,Comics Arts & Entertainment Comics ,Costumes Shopping Costumes ,Consumer Electronics Computers & Electronics Consumer Electronics 
streamvid.net,Online Video Arts & Entertainment Online Video ,Software Computers & Electronics Software ,
trans.info,Manufacturing Business & Industrial Manufacturing ,Travel & Transportation Travel & Transportation  ,Vehicle Shows Autos & Vehicles Vehicle Shows 
www.hb-nippon.com,Equestrian Sports Equestrian ,Baseball Sports Baseball ,Sports Sports  
www.livefans.jp,Outdoors Hobbies & Leisure Outdoors ,Dance Arts & Entertainment Dance ,Musical Instruments Arts & Entertainment Music & Audio Musical Instruments
animelek.me,Comics Arts & Entertainment Comics ,Weddings Hobbies & Leisure Weddings ,Women's Clothing Shopping Women's Clothing 
developer.android.com,Consumer Electronics Computers & Electronics Consumer Electronics ,Smart Phones Internet & Telecom Smart Phones ,Smart Phones Internet & Telecom Smart Phones 
glitch.com,Travel & Transportation Travel & Transportation  ,Vehicle Shows Autos & Vehicles Vehicle Shows ,Consumer Electronics Computers & Electronics Consumer Electronics 
www.myflfamilies.com,Travel & Transportation Travel & Transportation  ,Vehicle Shows Autos & Vehicles Vehicle Shows ,Women's Clothing Shopping Women's Clothing 
www.mdanderson.org,Fashion & Style Beauty & Fitness Fashion & Style ,Weddings Hobbies & Leisure Weddings ,Women's Clothing Shopping Women's Clothing 
fra.3hentai.net,Wrestling Sports Wrestling ,Text & Instant Messaging Internet & Telecom Text & Instant Messaging ,Magic Arts & Entertainment Magic 
www.codmon.com,Consumer Electronics Computers & Electronics Consumer Electronics ,Software Computers & Electronics Software ,People & Society People & Society  
www.softbank.jp,Travel & Transportation Travel & Transportation  ,Vehicle Shows Autos & Vehicles Vehicle Shows ,Pets Pets & Animals Pets 
aiotechnical.com,Consumer Electronics Computers & Electronics Consumer Electronics ,Smart Phones Internet & Telecom Smart Phones ,Wrestling Sports Wrestling 
www.iplusonego.com,Consumer Electronics Computers & Electronics Consumer Electronics ,Smart Phones Internet & Telecom Smart Phones ,Painting Arts & Entertainment Visual Art & Design Painting
www.bayareafastrak.org,Travel & Transportation Travel & Transportation  ,Vehicle Shows Autos & Vehicles Vehicle Shows ,Wrestling Sports Wrestling 
www.colgate.com,Travel & Transportation Travel & Transportation  ,Vehicle Shows Autos & Vehicles Vehicle Shows ,Sedans Autos & Vehicles Motor Vehicles (By Type) Sedans
weltwoche.ch,Email Internet & Telecom Email ,Consumer Electronics Computers & Electronics Consumer Electronics ,Search Engines Internet & Telecom Search Engines 
s.kosokubus.com,Travel & Transportation Travel & Transportation  ,Vehicle Shows Autos & Vehicles Vehicle Shows ,Consumer Electronics Computers & Electronics Consumer Electronics 
www.mittelbayerische.de,Ice Skating Sports Ice Skating ,Sports Sports  ,Ice Skating Sports Ice Skating 
www.khabarfoori.com,Sports Sports  ,Games Games  ,Tennis Sports Tennis 
m.sportmaster.kz,Credit Cards Finance Credit Cards ,Games Games  ,Consumer Electronics Computers & Electronics Consumer Electronics 
brave.com,Painting Arts & Entertainment Visual Art & Design Painting,Online Video Arts & Entertainment Online Video ,Healthy Eating Food & Drink Cooking & Recipes Healthy Eating
shop.globomoda.com,Travel & Transportation Travel & Transportation  ,Vehicle Shows Autos & Vehicles Vehicle Shows ,Women's Clothing Shopping Women's Clothing 
www.bergzeit.de,Games Games  ,Painting Arts & Entertainment Visual Art & Design Painting,Online Communities Online Communities  
www.comingsoon.it,Online Video Arts & Entertainment Online Video ,,
asiemodel.net,Consumer Electronics Computers & Electronics Consumer Electronics ,Books & Literature Books & Literature  ,Painting Arts & Entertainment Visual Art & Design Painting
www.indiansexhub.com,Pets & Animals Pets & Animals  ,Cats Pets & Animals Pets Cats,Online Video Arts & Entertainment Online Video 
sms-activate.org,Web Browsers Computers & Electronics Software Web Browsers,People & Society People & Society  ,
www.mondelezinternational.com,Web Browsers Computers & Electronics Software Web Browsers,People & Society People & Society  ,Face & Body Care Beauty & Fitness Face & Body Care 
www.brocardi.it,Women's Clothing Shopping Women's Clothing ,Online Video Arts & Entertainment Online Video ,People & Society People & Society  
www.dish.com,Pets Pets & Animals Pets ,Women's Clothing Shopping Women's Clothing ,Pets & Animals Pets & Animals  
www.adecco.fr,Consumer Electronics Computers & Electronics Consumer Electronics ,Smart Phones Internet & Telecom Smart Phones ,Women's Clothing Shopping Women's Clothing 
www.tgcom24.mediaset.it,Travel & Transportation Travel & Transportation  ,Musical Instruments Arts & Entertainment Music & Audio Musical Instruments,Vehicle Shows Autos & Vehicles Vehicle Shows 
www.anandabazar.com,Women's Clothing Shopping Women's Clothing ,Wrestling Sports Wrestling ,People & Society People & Society  
www.thetimes.co.uk,Web Browsers Computers & Electronics Software Web Browsers,Ecology & Environment Science Ecology & Environment ,Outdoors Hobbies & Leisure Outdoors 
