trade.atlantiscex.com,
sadlierconnect.com,1. Arts & entertainment
webcampus.fdu.edu,229. Colleges & universities
www.softbank.jp,215. Internet & telecom 218. Phone service providers
www.camif.fr,207. Home & garden
codsaya.com,
www.livefans.jp,1. Arts & entertainment
glitch.com,293. Coupons & discount offers
lms.igdir.edu.tr,229. Colleges & universities
dembuon.vn,243. News
imsis-djpu.dephub.go.id,239. Law & government
weltwoche.ch,243. News
www.casper.com.tr,289. Shopping 292. Consumer resources
jedileri.ba,289. Shopping
playsports.sbobet.com,
www.dvauction.com,289. Shopping
web.bpl.net,275. Reference
www.anandabazar.com,243. News
direct.uber.com,243. News 332. Travel & transportation
www.webcamjackers.com,201. Outdoors
www.fust.ch,243. News
silfmonitoraggio.regione.campania.it,241. Legal
gamesfull.app,215. Internet & telecom 183. Computer & video games
www.laprensalara.com.ve,243. News 245. Local news
shop.globomoda.com,289. Shopping 96. Fashion & style
www.iplusonego.com,126. Computers & electronics
trans.info,103. Business & industrial
www.myflfamilies.com,12. Movies
easy-firmware.com,215. Internet & telecom
www.adecco.fr,238. Job listings
thesimplehelp.com,
cl.jooble.org,238. Job listings
www.indiansexhub.com,
www.samagra.gov.in,239. Law & government
www.hb-nippon.com,243. News 299. Sports
m.4d88.asia,1. Arts & entertainment 43. Online video
www.tamilvu.org,149. Finance 243. News
www.pcworld.pl,126. Computers & electronics 243. News 279. Science
skemaraja.dephub.go.id,239. Law & government
www.codmon.com,183. Computer & video games 129. Consumer electronics
aiotechnical.com,126. Computers & electronics
dashboard.dittomusic.com,23. Music & audio
www.enligne.parionssport.fdj.fr,299. Sports 325. Soccer 243. News
m.sportmaster.kz,299. Sports 243. News
www.brocardi.it,152. Credit cards
www.bhajandiary.com,
www.al-hamdoulillah.com,
demonssouls.wiki.fextralife.com,194. Roleplaying games 184. Action & platform games
onba.zkb.ch,243. News
sakti123.co,1. Arts & entertainment 243. News
www.comingsoon.it,
www.yanolja.com,1. Arts & entertainment
put888a.com,238. Job listings 332. Travel & transportation
www.saamana.com,243. News 1. Arts & entertainment
www.mondelezinternational.com,243. News
apps-lb.rapidrad.com,215. Internet & telecom
animelek.me,1. Arts & entertainment 43. Online video
www.superdry.in,
nova24.uz,243. News
juegos.loteria.cl,183. Computer & video games 1. Arts & entertainment
eroticmv.com,
videoportal.joj.sk,43. Online video 1. Arts & entertainment
lnmuniversity.com,229. Colleges & universities
www.mittelbayerische.de,250. Online communities
emploi.educarriere.ci,238. Job listings
fcbayern.com,325. Soccer 299. Sports 243. News
www.healthtap.com,243. News
hudo.com,1. Arts & entertainment
www.mdanderson.org,275. Reference
expressjs.com,243. News
www.bayareafastrak.org,275. Reference
sms-activate.org,215. Internet & telecom 129. Consumer electronics
wrestletalk.com,331. Wrestling
www.colgate.com,88. Face & body care
www.trial-net.co.jp,299. Sports
career.indomaretgroup.com,238. Job listings
www.tgcom24.mediaset.it,1. Arts & entertainment 243. News
www.bergzeit.de,332. Travel & transportation 344. Tourist destinations
streamvid.net,43. Online video
alottovip.co,1. Arts & entertainment
www.fanfiction.net,100. Books & literature
brave.com,215. Internet & telecom
grupovenus.com,
elearn.etsu.edu,229. Colleges & universities
registroestudiantes.fevp.gob.ve,239. Law & government
asiemodel.net,205. Radio control & modeling
www.thetimes.co.uk,243. News
www.imedi.ge,
www.nkd.com,103. Business & industrial 243. News
www.khabarfoori.com,243. News
suite.sogiscuola.com,1. Arts & entertainment
bolt.bloomu.edu,229. Colleges & universities
www.toyota.com.au,57. Autos & vehicles
developer.android.com,139. Programming 215. Internet & telecom 220. Smart phones
www.dish.com,250. Online communities
fra.3hentai.net,1. Arts & entertainment 243. News
www.dominos.nl,172. Food & drink
s.kosokubus.com,1. Arts & entertainment
loadedfiles.com,56. Photographic & digital arts
verizon-airgchates.airg.ca,334. Air travel 109. Aviation industry
www.grubiks.com,183. Computer & video games
hentai18.net,250. Online communities 1. Arts & entertainment
chikubi.jp,275. Reference
truehookup.com,1. Arts & entertainment
www.sexetag.com,251. Dating & personals 252. Forum & chat providers
vodiy.ua,57. Autos & vehicles
astv.ru,43. Online video
qquing.net,1. Arts & entertainment
especiais.gazetadopovo.com.br,243. News
www.pornizle.tv,43. Online video
plus.wowma.jp,289. Shopping
hydrogenexecutor.com,
www.desiporny.com,253. Social networks
lilluna.com,
www.fashiongo.net,96. Fashion & style 289. Shopping
www.poco.de,114. Construction & maintenance 207. Home & garden 289. Shopping
t.rasp.yandex.by,289. Shopping 243. News
www.olgasmile.com,"278. How-to, DIY & expert content"
www.koimoi.com,1. Arts & entertainment 243. News
www.am.com.mx,243. News 245. Local news
mvtk.jp,1. Arts & entertainment 243. News
www.eastpak.com,243. News 332. Travel & transportation
www.fomos.kr,1. Arts & entertainment 183. Computer & video games 243. News 250. Online communities
www.trafalgar.com,275. Reference
www.fastweb.com,215. Internet & telecom
m.email.tiscali.cz,215. Internet & telecom 216. Email
beastiality.tv,1. Arts & entertainment
www.pornocarioca.com,
www.nursexfilme.com,
www.tabroom.com,227. Education 229. Colleges & universities 254. People & society 275. Reference
www.illicitencounters.com,
sexvcc.xyz,
www.pornobonjour.com,
www.netonnet.se,289. Shopping
www.extremechat.com,252. Forum & chat providers 251. Dating & personals
bimeh.com,
kurashinista.jp,289. Shopping
forum.giants-software.com,126. Computers & electronics 140. Software 143. Freeware & shareware
asia.kporama.net,43. Online video 48. TV dramas
www.gotquestions.org,100. Books & literature
www.wazaef4u.net,238. Job listings
www.footasylum.com,325. Soccer 243. News 299. Sports
www.carenzorgt.nl,
xxlnutrition.com,
www.bax-shop.fr,207. Home & garden
garantiasafra.mda.gov.br,239. Law & government
krasnodar.leroymerlin.ru,275. Reference
www3.citizensbankonline.com,149. Finance
healthmatch.io,
www.santhionlineplants.com,208. Gardening
www.sportmaster.ru,299. Sports 289. Shopping 97. Fitness
www.bs-tvtokyo.co.jp,1. Arts & entertainment
regiojet.cz,1. Arts & entertainment
www.hsbc.com.ar,149. Finance
www.frasess.net,100. Books & literature 275. Reference
www.tapatalk.com,1. Arts & entertainment 243. News
realincest.pro,
www.fip.it,215. Internet & telecom
www.eurogamer.pl,183. Computer & video games
www.lisablower.com,
axislearning.axisbank.com,227. Education
www.tv9hindi.com,243. News
sketch.metademolab.com,
www.hadviser.com,96. Fashion & style
www.astrotheme.com,
pornogratisbrasil.com,
www.loft.com,96. Fashion & style 298. Women's clothing
www.tv100.com,243. News
www.manualslib.com,275. Reference
v.filmyhunk.com.co,12. Movies 43. Online video
ascoli.bakecaincontrii.com,251. Dating & personals
www.travel.gr,332. Travel & transportation
www.embrapa.br,229. Colleges & universities 227. Education
www.cosme.net,88. Face & body care 92. Make-up & cosmetics
anzn.net,
www.empik.com,289. Shopping
www.lnfs.es,325. Soccer
supertela.wf,1. Arts & entertainment 7. Humor
www.tag24.it,243. News
m.ybirds.com,243. News
t24.com.tr,243. News
www.ledger.com,103. Business & industrial 126. Computers & electronics
www.herzstiftung.de,
icmai.in,234. Standardized & admissions tests
app.datadoghq.com,
sportpirate.com,299. Sports 243. News
starpets.gg,192. Strategy games
bombitup.net,1. Arts & entertainment 183. Computer & video games
pilotruca.com,
www.team-bhp.com,57. Autos & vehicles
m.ome.tv,1. Arts & entertainment
www.sightseeingpass.com,
www.sinembargo.mx,12. Movies
www.vietnamcupid.com,251. Dating & personals
mx.usembassy.gov,239. Law & government 275. Reference
www.banki.ru,149. Finance
www.fido.ca,
mijnzakelijk.ing.nl,
www.deltadental.com,160. Health insurance
m.tupaki.com,289. Shopping
www.carsdirect.com,83. Vehicle shopping 84. Used vehicles
videogamemods.com,183. Computer & video games
www.emploi-collectivites.fr,238. Job listings 239. Law & government
hi.sexmithausfrauen.net,
www.sec.gov,239. Law & government
www.bim.com.tr,179. Food & grocery retailers 289. Shopping
astrogame.org,183. Computer & video games
synoniemen.net,275. Reference
www2.city.kyoto.lg.jp,275. Reference
www.puppyspot.com,265. Pets
xat.com,215. Internet & telecom
www.tangrenjie.tv,215. Internet & telecom
www.tempstaff.co.jp,289. Shopping 103. Business & industrial
filmmakinesi1.com,12. Movies 1. Arts & entertainment
kachimai.jp,
sentence.yourdictionary.com,275. Reference
www.dday.it,243. News
www.archanaskitchen.com,175. World cuisine
bilweb.se,57. Autos & vehicles 83. Vehicle shopping
home.gamer.com.tw,183. Computer & video games 1. Arts & entertainment
partner.steampowered.com,183. Computer & video games
www.lowadi.com,1. Arts & entertainment
www.avendrealouer.fr,272. Real estate 289. Shopping
safer.fmcsa.dot.gov,239. Law & government 151. Tax preparation & planning
bongda.wap.vn,243. News 299. Sports 325. Soccer
fareharbor.com,275. Reference
www.visitportugal.com,
ro.scribd.com,100. Books & literature
www.zalando.sk,1. Arts & entertainment
www.it.lastminute.com,332. Travel & transportation 334. Air travel
nextcareernow.com,112. Human resources
xxxxx520.cam,
shop.nissa.ro,57. Autos & vehicles 81. Vehicle parts & accessories
chromeunboxed.com,145. Operating systems
www.watch.impress.co.jp,126. Computers & electronics 243. News 279. Science
us.i.mi.com,243. News
jogjagamers.org,183. Computer & video games 1. Arts & entertainment
www.mojedatovaschranka.cz,275. Reference
www.cvs.com,
www.car-part.com,81. Vehicle parts & accessories
www.888casino.it,
www.antel.com.uy,215. Internet & telecom
couponfollow.com,293. Coupons & discount offers
www.kymensanomat.fi,245. Local news 243. News
vipmanhouse.com,289. Shopping
www.pleinchamp.com,1. Arts & entertainment
imkosmetik.com,88. Face & body care
www.bolabet.co.zm,243. News
manhuascan.us,1. Arts & entertainment
www.nespresso.com,172. Food & drink 207. Home & garden 210. Home appliances
rakbank.ae,149. Finance
www.fringecapybara.com,243. News
www.kalendarzswiat.pl,275. Reference
motocykle.bazos.sk,70. Motorcycles 289. Shopping
fotosbor.com,42. Online image galleries
www.eventseye.com,1. Arts & entertainment
www.rado.com,289. Shopping
dgt.gov.in,239. Law & government
booking-dp.lastminute.de,332. Travel & transportation 340. Hotels & accommodations
www.nikon.co.in,130. Cameras & camcorders
www.doviz.com,103. Business & industrial 164. Investing 243. News
www.nzpersonals.com,
www.vtwonen.nl,1. Arts & entertainment
baskino.me,12. Movies 43. Online video
thevillageoutlet.com,289. Shopping
m.locanto.ci,289. Shopping
dmsu.gov.ua,
pje1g.trf6.jus.br,239. Law & government
android.com.pl,215. Internet & telecom 145. Operating systems
tv-programme.com,1. Arts & entertainment 45. TV shows & programs
cloud.mail.ru,215. Internet & telecom 250. Online communities
www.inter.it,325. Soccer 299. Sports 243. News
www.olhonocarro.com.br,57. Autos & vehicles 83. Vehicle shopping
www.bleacherbreaker.com,243. News 1. Arts & entertainment
survimo.com,1. Arts & entertainment
redmijuga.net,250. Online communities
search.ancestry.com,256. Ancestry & genealogy
www.jollyroom.se,1. Arts & entertainment
drudgereport.com,243. News
suaurl.com,
www.royce.com,23. Music & audio
woman.rambler.ru,254. People & society
www.ovhcloud.com,215. Internet & telecom 126. Computers & electronics
www.cambridgelms.org,229. Colleges & universities 230. Distance learning
www.tnt.it,43. Online video
www.arbitersports.com,140. Software 299. Sports
www.myhomebook.de,209. Home & interior decor 54. Design
www.e-nls.com,
nzfarmsource.co.nz,160. Health insurance 158. Insurance
fashionspark.com,96. Fashion & style 289. Shopping
email.inbox.lv,215. Internet & telecom
www.aa2000.com.ar,57. Autos & vehicles
parisfashionshops.com,289. Shopping 298. Women's clothing 96. Fashion & style
www.autopower.bg,57. Autos & vehicles 83. Vehicle shopping
sakai.duke.edu,229. Colleges & universities
m.naaptol.com,243. News 275. Reference 1. Arts & entertainment
pitaronfree.blogspot.com,173. Cooking & recipes
www.usps.com,103. Business & industrial
forum.matrp.ru,252. Forum & chat providers
livesta.com.ua,275. Reference 243. News
www.trollandtoad.com,182. Card games 1. Arts & entertainment
www.sexolandia.org,251. Dating & personals
www.firmenabc.at,275. Reference
aprendizaje.mec.edu.py,227. Education 239. Law & government
www.kikocosmetics.com,92. Make-up & cosmetics
www.arzon.jp,1. Arts & entertainment 243. News
richmond.craigslist.org,289. Shopping
aula.lamolina.edu.pe,229. Colleges & universities 227. Education
www.favorgk.com,253. Social networks
www.ntvshop.jp,1. Arts & entertainment 289. Shopping
www.pinterest.ca,42. Online image galleries 250. Online communities 253. Social networks
pointpickup.com,
porn-hindi.com,
www.ampparit.com,243. News
tienda.clarochile.cl,103. Business & industrial
travel.yahoo.co.jp,344. Tourist destinations
trucoscoinmaster.com,
exams.hpushimla.in,234. Standardized & admissions tests 229. Colleges & universities
immo.vlan.be,272. Real estate
spravy.rtvs.sk,275. Reference
brightspace.avans.nl,104. Advertising & marketing
www.sexvid.pro,
www.outdoorlife.com,201. Outdoors
visuales.uclv.cu,
www.apartmentguide.com,272. Real estate
manytoon.com,
ceptam10.com,215. Internet & telecom
www.jobstreet.vn,238. Job listings
pinayvlog.com,250. Online communities
www.farmrio.com.br,106. Agriculture & forestry 103. Business & industrial
onlineupdatestm.in,1. Arts & entertainment
www.raiffeisen.ru,1. Arts & entertainment 243. News
veiculos.fipe.org.br,241. Legal 254. People & society
www.astrosage.com,
cookidoo.de,173. Cooking & recipes 207. Home & garden
www.classmarker.com,227. Education
www.bancodeoccidente.hn,149. Finance
bdsmlr.com,
englishgrammarhere.com,275. Reference 277. Foreign language study
www.pmu.fr,
www.creditkarma.com,149. Finance 152. Credit cards
www.rossmann.com.tr,243. News 103. Business & industrial
hoc360.net,227. Education
new.leopardscod.com,
e-learning.karu.ac.ke,229. Colleges & universities
player03.com,1. Arts & entertainment 183. Computer & video games
www.intacct.com,150. Accounting & auditing 140. Software
vod4me.online,43. Online video
es.search.yahoo.com,219. Search engines
www.oma.by,
m.anninhthudo.vn,275. Reference 243. News
app.starbucks.com,172. Food & drink
www.yupcard.com,103. Business & industrial
thelifeofmaharlika.com,
getrich.app,
www.filmeshdtorrent.com,12. Movies 215. Internet & telecom 250. Online communities
www.lanacion.com.ar,243. News
www.scotiaonline.scotiabank.com,149. Finance
telegratis.online,1. Arts & entertainment 215. Internet & telecom
xxb.mobi,215. Internet & telecom
thulasi.psc.kerala.gov.in,239. Law & government 234. Standardized & admissions tests
webmail.uni-koeln.de,215. Internet & telecom
www.sudbury.com,
www.office.co.uk,103. Business & industrial
www.date-converter.com,275. Reference
visionbenefits.envolvehealth.com,
old.winline.ru,140. Software
www.crocs.de,289. Shopping
osym.gov.tr,239. Law & government
thetrek.co,201. Outdoors
www.hurriyet.com.tr,1. Arts & entertainment 215. Internet & telecom 243. News
fulu.jp,
apps.driveu.in,183. Computer & video games 215. Internet & telecom
www.its.porn,
teoritentamen.no,227. Education 241. Legal
www.fullporn.net,251. Dating & personals
cloud.aeolservice.es,57. Autos & vehicles 227. Education 241. Legal
jobvision.ir,238. Job listings
eduline.ac-lille.fr,229. Colleges & universities
www.vlaanderen.be,241. Legal
erotorrent.ru,
www.legimi.pl,272. Real estate
mychart.gundersenhealth.org,
wielermanager.sporza.be,310. Cycling 299. Sports
osmanonlinebangla.com,1. Arts & entertainment
www.trenord.it,275. Reference
freelocalsmature.com,
www.xn--l3cm7a5azd.tv,243. News
downmagaz.net,1. Arts & entertainment
gist.github.com,139. Programming
www.modelle-hamburg.de,205. Radio control & modeling
www.nichireifoods.co.jp,175. World cuisine 172. Food & drink
gente.ig.com.br,1. Arts & entertainment 243. News
www.logitravel.fr,332. Travel & transportation
www.onvista.de,243. News 103. Business & industrial
el.wiktionary.org,275. Reference
greenwaystart.com,103. Business & industrial 254. People & society 289. Shopping
mix.tj,43. Online video 250. Online communities
www.uzdevumi.lv,227. Education
www.distancesfrom.com,275. Reference
bbs.imoutolove.me,252. Forum & chat providers
www.1337xx.to,250. Online communities 215. Internet & telecom
novelmao.com,100. Books & literature 1. Arts & entertainment
www.dzexams.com,234. Standardized & admissions tests
ci-en.net,227. Education
booru.allthefallen.moe,
maximum.md,243. News
www.golfweather.info,248. Weather 315. Golf
crprt.livejasmin.com,
www.secretloversnearby.com,
www.yannick.com.tw,1. Arts & entertainment 289. Shopping
www.langkahindopools.org,275. Reference
www.ngengesport.cd,243. News 299. Sports
doctruyen3q.site,100. Books & literature 1. Arts & entertainment
fotoscapes.com,202. Fishing 56. Photographic & digital arts
